keyword,volume,kd,cpc
1win,122000,9,0.25
1win casino,16000,0,0.2
1win argentina,5400,33,0.3
1win app,2000,64,0.15
1win login,1800,82,0.2
1win bet,1400,76,0.3
casino 1win,1100,65,0.45
1win casino online,1100,44,0.3
1win apk,800,68,0.4
1win casino app,700,50,0.25
1win lat,700,40,0.4
1win casino argentina,700,60,0.3
1win online,450,77,0.15
bonus code 1win,450,46,0.45
1win original,350,,0.4
1win latam,300,,
1win aviator,300,52,0.25
1win casino online argentina,300,,
1win videos,250,,
1win app casino,200,,
casino 1win argentina,200,,
1win token,200,,0.25
1win latino,200,,
balloon 1win,200,,0.15
casino online 1win,200,,0.3
balloon 1win argentina,200,,0.2
1win download,200,,0.25
1win balloon,200,,0.35
penalty shoot out 1win,150,15,
1win mines,150,36,
1win app download,150,63,0.5
bonus casino 1win,150,56,
1win app argentina,150,,0.8
1win apk android,150,,
1win ar,150,,1
1win iphone,150,,
plinko 1win,150,,0.8
1win promo code,150,,
1win argentina descargar,150,,0.3
aviator 1win,150,57,1.4
aviator game 1win,150,48,
1win apk download,150,,
1win lucky jet,150,52,
1win games,150,71,
1win bonus code,150,70,0.35
descargar 1win argentina,150,,0.3
1win ios,150,,
1win global,150,69,0.3
bonus code 1win argentina,150,33,0.3
1win app ios,100,,
1win com,100,,0.35
bonus code 1win hoy,100,52,
1win partner,100,,
1win app android,100,,
1win plinko,100,,0.7
1win bonus,100,,
1win chile,100,,
app 1win,100,,0.7
1win poker,100,,0.9
1win android,100,,
1win online casino,100,,
apk 1win,100,,
mines 1win,100,40,
1win aviator apk,90,,
1win register,90,,
1win affiliate,90,,
1win es,90,,
1win official,90,,
1win casino login,80,,
código promocional 1win argentina,80,,
1win play,80,,0.7
1win aviator login,80,,
1win arg,80,,1.2
lucky jet 1win,80,44,
codigo de 1win,80,,
1win ingresar,80,,
mystake 1win,80,,
1win.,80,,0.25
1win argentina es confiable,70,,0.25
1win xxx,70,,
1win como retirar dinero,70,,
1win registration,70,,
codigo bonus 1win,70,50,
registrarse en 1win,70,,
1win pro,70,,
1win instalar,70,,
1win colombia,70,,
codigo de bonus 1win,70,,
cuanto tarda 1win en depositar,70,,
1win jetx,70,,
1win futbol,60,,1.7
1win balloon argentina,60,,
mystake.1win,60,,
codigo para 1win,60,,
como retirar dinero de 1win argentina,60,30,0.4
1win casino gratis,60,,
como activar el bonus code 1win,60,,
juego 1win,60,,
1win retirar dinero,60,,
bonus code 1win gratis,60,43,0.25
1win official site,60,,
1win game,60,,
crear cuenta en 1win,60,,
bonus code 1win giros gratis,60,,
1win for ios,60,,
1win app apk,60,,
1win login argentina,60,,
1win demo,60,,
1win peru,60,,
1win app store,60,,
como retirar en 1win,60,,
1win chile app,60,,
1win latina,60,,
1win argentina pagina oficial,50,,
retirar dinero de 1win,50,,
1win es legal en argentina,50,,
1win for pc,50,,
afiliado 1win,50,,
1win co,50,,
1win android app,50,,
1win codigo de bonus,50,,
www.1win bet.com,50,,0.35
1win app argentina descargar,50,,0.3
trucos para ganar en 1win,50,,
codigos 1win,50,,
1win penalty shoot out,50,,
1win download iphone,50,,
penalty shoot out 1win argentina,50,,
bonus 1win,50,,
1win partners,50,53,
1win iniciar sesion,50,,
1win jet x,50,,
tower rush 1win,50,,
1win website,50,,
1win argentina casino,50,,
juegos 1win,50,,
1win mines argentina,50,,
1win games apk,50,,
1win},50,,
como retirar de 1win a astropay,50,,
1win app iphone,50,,
1win run,50,,
code bonus 1win,40,,
code bonus 1win lucky jet,40,,
balloon by 1win,40,,
1win casino aviator,40,,
1win telegram,40,,
partner 1win,40,,
partners 1win,40,,
1win bet login,40,,
1win affiliate program review,40,,
1win brasil,40,,
affiliate 1win,40,,
1win partners app download,40,,
1win retirar dinero argentina,40,,
dinero gratis 1win,40,,
1win partner login,40,,
lucky jet predictor 1win,40,,
1win token precio,40,,
aviator juego 1win argentina,40,,
rocket queen 1win,40,,
1win bet apk,40,,
casino en 1win,40,,
1win bonus casino,40,,
1win vip,40,,
1win app login,40,,
1win bonus code argentina,40,,
1win afiliado,40,,
1win argentino,40,,
1win slots,40,,
1win aviator argentina,40,,
1win partners login,40,,
1win argentina apk,40,,
1win venezuela,40,,
application 1win,40,,
1win registrar,40,,
1win casino chile,40,,
1win partner program,40,,
1win luckyjet,40,,
1win partners apk,40,,
1win partners affiliate,40,,
1win life,40,,
balloon app 1win,40,,
1win mirror,40,,
codigos para 1win,40,,
1win affiliate app download,40,,
1win affiliates,40,,
70 free spins 1win,40,,
1win eliminar cuenta,40,,
ice fishing 1win,40,,
1win partner app,40,,
1win-partner,40,,
1win affiliate program,40,,
ariadna leyes 1win,40,,
1win bet app,40,,
1win bonus code no deposit,40,,
1win affiliate commission,40,,
bonus code 1win hoy argentina,40,,
1win partner apk,40,,
1win logo,40,24,
1win affiliate login,40,,
1win partners apk download,40,,
1win apk argentina,40,,
baixar 1win para android,30,,
https://1win,30,,
1win login colombia,30,,
1win argentina oficial,30,,
1win for iphone,30,,
1win app chile,30,,
baixar 1win para ios,30,,
codigos para 1win argentina,30,,
1win app for pc,30,,
codigos promocionales 1win,30,,
1win 1win,30,,
ios 1win,30,,
mines pro 1win,30,44,0.09
1win como funciona,30,,
1win casino colombia,30,,
1win bet aviator,30,,
1win pc,30,,
como retirar dinero en 1win,30,,
casino 1win chile,30,,
1win aviator demo,30,,
1win affiliation,30,,
bonus code 1win 2026 argentina,30,,
1win camnair,30,,
como depositar en 1win,30,,
1win login site oficial,30,,
bonus code 1win giros gratis 2026,30,,
1win yukle,30,,
bonus code 1win 2024,30,59,
1win codigo,30,,
balloon 1win apk,30,,
1win casino download,30,,
aviator 1win apk,30,,
speedy cash 1win,30,0,
baixar 1win apk,30,,
1win official website,30,,
juego mines 1win,30,,
1win app colombia,30,,
1win chile casino,30,,
como retirar el dinero de 1win,30,,
como retirar dinero de 1win a mercado pago,30,,
chicken cross casino 1win,30,,
1win app play store,30,,
aviator predictor 1win,30,,
1win aviator online,30,,
1win colombia app,30,,
1win token como retirar dinero,30,,
aviator 1win bot,20,,
1win app aviator,20,,
bot aviator 1win,20,43,
como ganar en aviator 1win,20,,
1win sport,20,,
como activar bonus code en 1win,20,,
1win ecuador,20,,
como ganar en 1win,20,,
giros gratis 1win,20,,
deposito minimo 1win,20,,
chicken cross 1win,20,,
bonus code 1win 2026,20,,
retirar dinero de 1win argentina,20,,
aviator game 1win apk,20,,
1win betting,20,,
como usar el bonus de casino en 1win,20,,
1win xx,20,,
1win aviator apk download,20,,
1win app lucky jet,20,,
1win sign in,20,,
casa 1win,20,,
www 1win,20,,
bonus code 1win ya registrado,20,,
1win company,20,,
1win predictor,20,,
top 10 juegos 1win argentina,20,,
1win aviator prediction,20,,
app 1win dinheiro real,20,,
1win codigo bonus,20,,
codigos 1win argentina,20,,
como registrarse en 1win,20,,
1win como usar bonus,20,,
airdrop 1win token,20,,
como retirar plata de 1win argentina,20,22,
jogo aviator 1win,20,,
como cambiar 1win token,20,,
1win official app,20,,
como retirar de 1win argentina,20,,
cuenta de bonificacion 1win,20,,
codigo de bonus para 1win,20,,
1win new version,20,,
1win argentina xxx,20,,
como sacar plata de 1win,20,,
bonus code 1win telegram,20,,
como vender 1win token,20,,
1win aviator app download,20,,
1win voucher,20,,
1win joker jewels,20,,
bonus code 1win 2025 argentina,20,,
1win token telegram,20,,
mejores juegos de 1win,20,,
1win token web2,20,,
1win peliculas,20,,
1win soporte,20,,
jetx 1win,20,,
1win balloon apk,20,,
1win mexico,20,,
bonus 1win codigo,20,,
bot 1win aviator,20,,
1win registrarse,20,,
1win bloqueado argentina,20,,
aviator 1win game,20,,
1win porno,20,,
1win coins,20,,
balloon de 1win,20,,
bonus sport 1win,20,,
aviator game 1win download,20,,
estrategia aviator 1win,20,,
1win paga,20,,
1win chicken cross,20,,
1win uganda,20,,
www.1win,20,,
1win aviator strategy,20,,
1win token cuando sale,20,,
trucos para ganar en mines 1win,20,,
bonus code 1win 2025,20,,
1win jet,20,,
cuanto tarda 1win en retirar dinero,20,,
1win aviator game,20,,
aviador 1win,20,,
1win juegos para ganar dinero,20,,
1win net,20,,
bot para aviator 1win,20,,
codigo 1win bonus,20,,
penalty shoot out 1win hack,20,,
como depositar en 1win con mercado pago,20,,
robot aviator 1win,20,,
1win aviator download,20,,
1win aviator review,20,,
codigo 1win argentina,20,,
1win juego,20,,
1win crypto casino,20,,
1win aviator predictor,20,,
1win web2,20,,
1win argentina porno,20,,
1win mines demo,20,,
aviator app 1win,20,,
soporte 1win,20,,
1win argentina app,20,,
cashback 1win,20,,
1win deposit,20,,
