keyword,volume,kd,reason
1win lat,700,40,no_serp_overlap_with_any_cluster_core
1win original,350,,no_serp_overlap_with_any_cluster_core
1win latam,300,,no_serp_overlap_with_any_cluster_core
1win videos,250,,no_serp_overlap_with_any_cluster_core
1win latino,200,,no_serp_overlap_with_any_cluster_core
1win ar,150,,no_serp_overlap_with_any_cluster_core
1win global,150,69,no_serp_overlap_with_any_cluster_core
1win chile,100,,no_serp_overlap_with_any_cluster_core
1win com,100,,no_serp_overlap_with_any_cluster_core
1win poker,100,,no_serp_overlap_with_any_cluster_core
1win es,90,,no_serp_overlap_with_any_cluster_core
1win register,90,,no_serp_overlap_with_any_cluster_core
1win arg,80,,no_serp_overlap_with_any_cluster_core
1win ingresar,80,,no_serp_overlap_with_any_cluster_core
1win play,80,,no_serp_overlap_with_any_cluster_core
1win.,80,,no_serp_overlap_with_any_cluster_core
1win colombia,70,,no_serp_overlap_with_any_cluster_core
1win instalar,70,,no_serp_overlap_with_any_cluster_core
1win pro,70,,no_serp_overlap_with_any_cluster_core
1win registration,70,,no_serp_overlap_with_any_cluster_core
1win xxx,70,,no_serp_overlap_with_any_cluster_core
1win demo,60,,no_serp_overlap_with_any_cluster_core
1win futbol,60,,no_serp_overlap_with_any_cluster_core
1win latina,60,,no_serp_overlap_with_any_cluster_core
1win peru,60,,no_serp_overlap_with_any_cluster_core
1win co,50,,no_serp_overlap_with_any_cluster_core
1win iniciar sesion,50,,no_serp_overlap_with_any_cluster_core
1win run,50,,no_serp_overlap_with_any_cluster_core
1win website,50,,no_serp_overlap_with_any_cluster_core
1win},50,,no_serp_overlap_with_any_cluster_core
tower rush 1win,50,,no_serp_overlap_with_any_cluster_core
1win argentino,40,,no_serp_overlap_with_any_cluster_core
1win brasil,40,,no_serp_overlap_with_any_cluster_core
1win eliminar cuenta,40,,no_serp_overlap_with_any_cluster_core
1win life,40,,no_serp_overlap_with_any_cluster_core
1win logo,40,24,no_serp_overlap_with_any_cluster_core
1win luckyjet,40,,no_serp_overlap_with_any_cluster_core
1win mirror,40,,no_serp_overlap_with_any_cluster_core
1win registrar,40,,no_serp_overlap_with_any_cluster_core
1win slots,40,,no_serp_overlap_with_any_cluster_core
1win telegram,40,,no_serp_overlap_with_any_cluster_core
1win venezuela,40,,no_serp_overlap_with_any_cluster_core
1win vip,40,,no_serp_overlap_with_any_cluster_core
70 free spins 1win,40,,no_serp_overlap_with_any_cluster_core
application 1win,40,,no_serp_overlap_with_any_cluster_core
ariadna leyes 1win,40,,no_serp_overlap_with_any_cluster_core
ice fishing 1win,40,,no_serp_overlap_with_any_cluster_core
rocket queen 1win,40,,no_serp_overlap_with_any_cluster_core
1win 1win,30,,no_serp_overlap_with_any_cluster_core
1win camnair,30,,no_serp_overlap_with_any_cluster_core
1win yukle,30,,no_serp_overlap_with_any_cluster_core
https://1win,30,,no_serp_overlap_with_any_cluster_core
speedy cash 1win,30,0,no_serp_overlap_with_any_cluster_core
1win coins,20,,no_serp_overlap_with_any_cluster_core
1win company,20,,no_serp_overlap_with_any_cluster_core
1win deposit,20,,no_serp_overlap_with_any_cluster_core
1win ecuador,20,,no_serp_overlap_with_any_cluster_core
1win joker jewels,20,,no_serp_overlap_with_any_cluster_core
1win mexico,20,,no_serp_overlap_with_any_cluster_core
1win net,20,,no_serp_overlap_with_any_cluster_core
1win new version,20,,no_serp_overlap_with_any_cluster_core
1win paga,20,,no_serp_overlap_with_any_cluster_core
1win peliculas,20,,no_serp_overlap_with_any_cluster_core
1win porno,20,,no_serp_overlap_with_any_cluster_core
1win predictor,20,,no_serp_overlap_with_any_cluster_core
1win sign in,20,,no_serp_overlap_with_any_cluster_core
1win uganda,20,,no_serp_overlap_with_any_cluster_core
1win voucher,20,,no_serp_overlap_with_any_cluster_core
1win web2,20,,no_serp_overlap_with_any_cluster_core
1win xx,20,,no_serp_overlap_with_any_cluster_core
aviador 1win,20,,no_serp_overlap_with_any_cluster_core
casa 1win,20,,no_serp_overlap_with_any_cluster_core
cashback 1win,20,,no_serp_overlap_with_any_cluster_core
como sacar plata de 1win,20,,no_serp_overlap_with_any_cluster_core
como usar el bonus de casino en 1win,20,,no_serp_overlap_with_any_cluster_core
deposito minimo 1win,20,,no_serp_overlap_with_any_cluster_core
giros gratis 1win,20,,no_serp_overlap_with_any_cluster_core
